{
    "tokenType": "urn:ietf:params:oauth:token-type:jwt-bearer",
    "webBaseUrl": "http://test.ch/rooms",
    "apiUrl": "http://test.ch/restApi",
    "oauthUrl": "http://test.ch/OAuth",
    "clientId": "room",
    "instanceId": "BsTEST",
    "appScope": "NG",
    "useAutoLogin": true,
    "useLanguageDetection": true,
    "debug": true,
    "availableLanguages": [
        "de-CH",
        "fr-CH"
    ],
    "copyright": "EFHG Evento Fachhochschulgremium",
    "qrCodeBaseUrl": "http://test.ch/rooms/",
    "showRoomReservation": true,
    "showDeviceReservation": true
}